Code,Subdivision ,Subdivision ,Subdivision name ,Subdivision name ,Name,Local variant,Name,Local variant

IL-D,HaDarom,Southern,Al Janūbī,El Janūbī,מחוז הדרום,لواء الجنوب
IL-M,HaMerkaz,Central,Al Awsaţ,El Awsaṭ,מָחוֹז הַמֶרְכָּז,المنطقة الوسطى
IL-Z,HaTsafon,Northern,Ash Shamālī,Esh Shamālī,מחוז הצפון,منطقة الشمال
IL-HA,H̱efa,Haifa,Ḩayfā,Ḥeifa,מחוז חיפה,منطقة حيفا
IL-TA,Tel Aviv,,Tall Abīb,Tell Abīb,מָחוֹז תֵּל אָבִיב,منطقة تل أبيب
IL-JM,Yerushalayim,Jerusalem,Al Quds,El Quds,מחוז ירושלים,منطقة القدس
